﻿<?xml version="1.0" encoding="utf-8"?><meta xmlns:xsi="http://www.w3.org/2001/XMLSchema-instance" xmlns:xsd="http://www.w3.org/2001/XMLSchema"><project id="5aFomW3lINf" courseid="6h1aF3ChYa5_course_id" thumburl="story_content/thumbnail.jpg" title="COVID-19 Awareness" datepublished="2020-03-23T03:32:07" version="1.0.0.0" flashdata="story_content/data.swf" html5data="mobile/data.json" mobiledata="mobile/data.gz" enabledownload="false" duration="About 6 minutes" totalaudio="487710" totalvideo="0"><description>Publishded to SCORM 1.2 12:33pm 230320</description><keywords /><slidemeta moniker="slide" monikerplural="slides" viewslides="14" slidecountdescription="14 slides" /><author name="Workstation 5" email="" website="" /><application name="Articulate Storyline" version="3.34.20804.0" xmlversion="4.0" /></project></meta>